[
  {
    "id": 1,
    "title": "Soldadura Básica",
    "author": "INCES",
    "hours": 40,
    "img": "/assets/course1.svg",
    "tag": "Virtual",
    "description": "Fundamentos de soldadura, seguridad y prácticas guiadas.",
    "longDescription": "Aprende desde cero los principios esenciales de la soldadura: tipos de unión, preparación de materiales, seguridad industrial y práctica guiada. Este curso está diseñado para que avances paso a paso y construyas habilidades aplicables al trabajo real.",
    "instructorUserId": null,
    "syllabusUrl": ""
  },
  {
    "id": 2,
    "title": "Programación Web",
    "author": "INCES",
    "hours": 40,
    "img": "/assets/course2.svg",
    "tag": "Virtual",
    "description": "HTML, CSS, JavaScript y proyecto final web responsive.",
    "longDescription": "Construye páginas web modernas desde cero: estructura con HTML, estilos con CSS, interacción con JavaScript y un proyecto final responsive. Ideal si quieres iniciar en el desarrollo web y armar un portafolio real.",
    "instructorUserId": null,
    "syllabusUrl": ""
  },
  {
    "id": 3,
    "title": "Carpintería",
    "author": "INCES",
    "hours": 60,
    "img": "/assets/course1.svg",
    "tag": "Presencial",
    "description": "Técnicas de carpintería, herramientas y acabado de muebles.",
    "longDescription": "Domina el uso seguro de herramientas, lectura de medidas, ensambles básicos y acabados. Trabajarás con ejercicios prácticos para crear piezas reales y mejorar tu precisión y técnica.",
    "instructorUserId": null,
    "syllabusUrl": ""
  },
  {
    "id": 4,
    "title": "Electricidad residencial",
    "author": "INCES",
    "hours": 48,
    "img": "/assets/course2.svg",
    "tag": "Presencial",
    "description": "Instalaciones, normas y seguridad eléctrica en el hogar.",
    "longDescription": "Aprende a instalar y diagnosticar circuitos residenciales con criterio técnico y seguridad. Verás normas, protecciones, conexiones y prácticas orientadas a casos comunes del hogar.",
    "instructorUserId": null,
    "syllabusUrl": ""
  },
  {
    "id": 5,
    "title": "Introducción a UX",
    "author": "INCES",
    "hours": 24,
    "img": "/assets/course1.svg",
    "tag": "Virtual",
    "description": "Principios de UX, investigación y prototipado básico.",
    "longDescription": "Entiende cómo diseñar experiencias centradas en usuarios: investigación, definición de problemas, prototipado y pruebas. Saldrás con un mini-caso documentado que podrás mostrar.",
    "instructorUserId": null,
    "syllabusUrl": ""
  },
  {
    "id": 6,
    "title": "Python básico",
    "author": "INCES",
    "hours": 30,
    "img": "/assets/course2.svg",
    "tag": "Virtual",
    "description": "Sintaxis de Python, estructuras de datos y scripts prácticos.",
    "longDescription": "Comienza con Python desde lo esencial: variables, estructuras de control, listas y diccionarios. Practica con ejercicios guiados y scripts útiles orientados a problemas reales.",
    "instructorUserId": null,
    "syllabusUrl": ""
  },
  {
    "id": 7,
    "title": "Gestión de proyectos",
    "author": "INCES",
    "hours": 20,
    "img": "/assets/course1.svg",
    "tag": "Virtual",
    "description": "Planificación, cronogramas, riesgos y seguimiento.",
    "longDescription": "Aprende a organizar proyectos con claridad: alcance, cronogramas, riesgos y seguimiento. Ideal para coordinar equipos y mejorar resultados con herramientas prácticas.",
    "instructorUserId": null,
    "syllabusUrl": ""
  },
  {
    "id": 8,
    "title": "Soldadura avanzada",
    "author": "INCES",
    "hours": 80,
    "img": "/assets/course2.svg",
    "tag": "Presencial",
    "description": "Técnicas avanzadas TIG y MIG con proyectos reales.",
    "longDescription": "Profundiza en técnicas TIG/MIG avanzadas, control del cordón, selección de material y resolución de defectos. Incluye proyectos prácticos para elevar tu nivel profesional.",
    "instructorUserId": null,
    "syllabusUrl": ""
  },
  {
    "id": 9,
    "title": "Mecánica ligera",
    "author": "INCES",
    "hours": 50,
    "img": "/assets/course1.svg",
    "tag": "Presencial",
    "description": "Mantenimiento preventivo y correctivo de vehículos.",
    "longDescription": "Diagnostica y realiza mantenimiento básico con criterios de seguridad: revisión, ajustes, prevención de fallas y buenas prácticas. Perfecto para iniciar en mecánica automotriz.",
    "instructorUserId": null,
    "syllabusUrl": ""
  },
  {
    "id": 10,
    "title": "Marketing digital",
    "author": "INCES",
    "hours": 18,
    "img": "/assets/course2.svg",
    "tag": "Virtual",
    "description": "Social media, SEO/SEM y analítica básica.",
    "longDescription": "Conoce las bases para posicionar y medir: redes sociales, SEO/SEM y analítica. Aprende a estructurar campañas simples con indicadores claros.",
    "instructorUserId": null,
    "syllabusUrl": ""
  },
  {
    "id": 11,
    "title": "Habilidades blandas",
    "author": "INCES",
    "hours": 12,
    "img": "/assets/course1.svg",
    "tag": "Virtual",
    "description": "Comunicación, trabajo en equipo y liderazgo.",
    "longDescription": "Fortalece tus habilidades para el trabajo: comunicación, colaboración, liderazgo y manejo de conflictos. Actividades prácticas y ejemplos aplicados.",
    "instructorUserId": null,
    "syllabusUrl": ""
  },
  {
    "id": 12,
    "title": "Reparación de electrodomésticos",
    "author": "INCES",
    "hours": 36,
    "img": "/assets/course2.svg",
    "tag": "Presencial",
    "description": "Diagnóstico y reparación de equipos comunes.",
    "longDescription": "Aprende a diagnosticar fallas frecuentes y aplicar procedimientos de reparación con seguridad. Verás herramientas, mediciones y casos reales de electrodomésticos comunes.",
    "instructorUserId": null,
    "syllabusUrl": ""
  },
  {
    "id": 13,
    "title": "diseño web",
    "author": "INCES",
    "hours": 1,
    "img": "/uploads/courses/1768372463795_d0abe9e795a9cd1d79918a7f38.jpeg",
    "tag": "Presencial",
    "description": "HTML, CSS, JavaScript y proyecto final web responsive.",
    "longDescription": "sigue aprendiendo a construir páginas web modernas desde cero: estructura con HTML, estilos con CSS, interacción con JavaScript y un proyecto final responsive. Ideal si quieres iniciar en el desarrollo web y armar un portafolio real.",
    "instructorUserId": 2,
    "syllabusUrl": "",
    "createdAt": "2026-01-14T06:34:24.004Z",
    "updatedAt": "2026-01-14T06:34:30.303Z"
  },
  {
    "id": 14,
    "title": "mamadores de pipi",
    "author": "INCES",
    "hours": 40,
    "img": "/assets/course1.svg",
    "tag": "Presencial",
    "description": "de este curso salen los mejores mamadores de pipi del mundo",
    "longDescription": "ven a echarte tus mamadas",
    "instructorUserId": null,
    "syllabusUrl": "",
    "createdAt": "2026-01-15T14:58:50.662Z",
    "updatedAt": "2026-01-15T14:58:50.662Z"
  }
]